id,company,ticker,layoff_date,price_30d_before,price_on_layoff_day,price_30d_after,pct_change_before,pct_change_after
1,Amazon,AMZN,2026-07-22,232.79,244.85,231.48,5.18,-5.46
2,Amazon,AMZN,2026-07-22,232.79,244.85,231.48,5.18,-5.46
3,Uber,UBER,2026-07-22,71.43,70.33,70.25,-1.54,-0.11
4,Intel,INTC,2026-07-20,140.94,97.06,86.37,-31.13,-11.01
5,Microsoft,MSFT,2026-07-06,416.67,386.74,399.16,-7.18,3.21
6,Amazon,AMZN,2026-07-06,246.03,244.16,231.48,-0.76,-5.19
7,Oracle,ORCL,2026-06-23,192.39,164.59,120.04,-14.45,-27.07
8,Rivian,RIVN,2026-06-16,13.35,15.93,17.09,19.33,7.28
9,Opendoor,OPEN,2026-06-10,4.85,4.48,4.76,-7.63,6.36
10,Salesforce,CRM,2026-06-09,177.03,174.90,162.50,-1.21,-7.09
11,Google,GOOGL,2026-06-04,388.20,371.97,366.46,-4.18,-1.48
12,Uber,UBER,2026-06-03,73.93,71.69,74.43,-3.03,3.82
13,Meta,META,2026-05-20,670.29,604.50,577.22,-9.82,-4.51
14,Cisco,CSCO,2026-05-13,82.04,101.49,120.65,23.70,18.88
15,PayPal,PYPL,2026-05-05,45.33,46.34,42.75,2.22,-7.74
16,Shopify,SHOP,2026-05-04,118.80,127.55,112.94,7.37,-11.45
17,Snap,SNAP,2026-04-15,4.68,6.04,5.53,29.06,-8.44
18,Qualcomm,QCOM,2026-04-09,134.70,127.28,218.28,-5.51,71.50
19,Meta,META,2026-04-02,653.91,573.93,608.19,-12.23,5.97
20,Meta,META,2026-03-25,636.12,594.34,674.40,-6.57,13.47
21,Spotify,SPOT,2026-03-23,490.60,492.39,522.88,0.36,6.19
22,Amazon,AMZN,2026-03-04,242.96,216.82,209.77,-10.76,-3.25
23,eBay,EBAY,2026-02-26,94.62,87.36,87.74,-7.67,0.43
24,Salesforce,CRM,2026-02-09,258.62,193.05,193.15,-25.36,0.05
25,Peloton,PTON,2026-01-30,6.16,5.59,3.90,-9.25,-30.23
26,Amazon,AMZN,2026-01-28,232.07,243.01,210.00,4.71,-13.58
27,Shopify,SHOP,2026-01-22,169.53,137.64,126.20,-18.81,-8.31
28,Meta,META,2026-01-13,646.36,629.97,648.65,-2.54,2.97
29,Amazon,AMZN,2025-12-15,234.69,222.54,236.65,-5.18,6.34
30,Shopify,SHOP,2025-11-26,175.06,159.34,170.83,-8.98,7.21
31,Amazon,AMZN,2025-10-27,219.78,226.97,229.16,3.27,0.96
32,Chegg,CHGG,2025-10-27,1.50,1.44,0.97,-4.00,-32.64
33,Rivian,RIVN,2025-10-23,15.53,13.09,14.86,-15.71,13.52
34,Meta,META,2025-10-22,763.18,731.51,592.71,-4.15,-18.97
35,Google,GOOGL,2025-10-02,210.75,245.21,280.64,16.35,14.45
36,Google,GOOGL,2025-10-01,210.75,244.42,280.64,15.98,14.82
37,Microsoft,MSFT,2025-09-08,517.90,495.06,521.55,-4.41,5.35
38,Rivian,RIVN,2025-09-05,11.64,14.21,13.50,22.08,-5.00
39,Salesforce,CRM,2025-09-04,245.41,241.96,238.76,-1.41,-1.32
40,Oracle,ORCL,2025-09-04,252.79,220.49,282.92,-12.78,28.31
41,Oracle,ORCL,2025-09-03,249.68,220.93,282.92,-11.52,28.06
42,Salesforce,CRM,2025-09-03,250.20,254.30,238.76,1.64,-6.11
43,Salesforce,CRM,2025-09-03,250.20,254.30,238.76,1.64,-6.11
44,Oracle,ORCL,2025-09-02,249.68,222.76,285.53,-10.78,28.18
45,Salesforce,CRM,2025-08-31,248.64,250.74,235.42,0.85,-6.11
46,Cisco,CSCO,2025-08-19,66.95,65.41,67.29,-2.31,2.88
47,Oracle,ORCL,2025-08-19,240.80,231.98,293.28,-3.66,26.43
48,Oracle,ORCL,2025-08-13,226.70,241.43,288.89,6.50,19.66
49,Oracle,ORCL,2025-08-13,226.70,241.43,288.89,6.50,19.66
50,Oracle,ORCL,2025-08-13,226.70,241.43,288.89,6.50,19.66
51,F5,FFIV,2025-08-13,294.15,325.79,321.67,10.76,-1.26
52,Peloton,PTON,2025-08-07,6.71,7.11,8.02,5.96,12.80
53,Amazon,AMZN,2025-07-17,214.82,223.88,231.03,4.22,3.19
54,Intel,INTC,2025-07-11,20.68,23.43,20.65,13.30,-11.87
55,Microsoft,MSFT,2025-07-02,458.31,487.20,519.96,6.30,6.72
56,Rivian,RIVN,2025-06-26,15.37,13.91,14.01,-9.50,0.72
57,Google,GOOGL,2025-06-24,172.20,166.30,191.62,-3.43,15.23
58,Intel,INTC,2025-06-24,20.55,22.55,22.63,9.73,0.35
59,Microsoft,MSFT,2025-06-24,457.04,486.23,506.83,6.39,4.24
60,Intel,INTC,2025-06-17,21.38,20.80,22.80,-2.71,9.62
61,Microsoft,MSFT,2025-06-02,431.04,458.31,487.20,6.33,6.30
62,eBay,EBAY,2025-05-28,65.22,71.20,72.82,9.17,2.29
63,Amazon,AMZN,2025-05-14,182.12,210.25,212.10,15.45,0.88
64,Microsoft,MSFT,2025-05-13,384.03,444.76,475.08,15.81,6.82
65,Chegg,CHGG,2025-05-12,0.48,0.74,1.57,54.17,112.16
66,Meta,META,2025-04-24,623.78,531.00,624.53,-14.87,17.61
67,Intel,INTC,2025-04-23,24.22,20.59,20.05,-14.99,-2.62
68,Google,GOOGL,2025-04-11,166.43,156.50,157.82,-5.97,0.84
69,Wayfair,W,2025-03-07,48.31,35.01,27.44,-27.53,-21.62
70,Google,GOOGL,2025-02-27,194.29,167.62,153.70,-13.72,-8.30
71,eBay,EBAY,2025-02-26,65.43,67.68,66.04,3.44,-2.42
72,Redfin,RDFN,2025-02-12,,,,,
73,Unity,U,2025-02-11,21.70,19.50,20.48,-10.14,5.03
74,Meta,META,2025-02-10,612.83,713.87,616.51,16.49,-13.64
75,Intel,INTC,2025-02-04,19.87,19.29,20.75,-2.92,7.57
76,Salesforce,CRM,2025-02-03,329.07,335.33,288.61,1.90,-13.93
77,Amazon,AMZN,2025-01-29,221.30,237.07,212.28,7.13,-10.46
78,Microsoft,MSFT,2025-01-14,446.30,410.80,405.73,-7.95,-1.23
79,Wayfair,W,2025-01-10,54.93,44.10,44.51,-19.72,0.93
80,Redfin,RDFN,2025-01-09,,,,,
81,Microsoft,MSFT,2025-01-07,440.79,417.42,410.95,-5.30,-1.55
82,Chegg,CHGG,2024-11-12,1.50,1.77,2.24,18.00,26.55
83,Opendoor,OPEN,2024-11-07,1.79,1.87,2.20,4.47,17.65
84,F5,FFIV,2024-10-29,220.20,240.33,250.35,9.14,4.17
85,Meta,META,2024-10-16,530.23,573.49,550.91,8.16,-3.94
86,F5,FFIV,2024-09-24,199.41,223.60,213.57,12.13,-4.49
87,Microsoft,MSFT,2024-09-12,407.60,421.15,410.62,3.32,-2.50
88,Lyft,LYFT,2024-09-04,10.57,11.34,12.57,7.28,10.85
89,Redfin,RDFN,2024-08-22,,,,,
90,Cisco,CSCO,2024-08-09,44.12,43.36,46.44,-1.73,7.10
91,Intel,INTC,2024-08-01,30.87,28.87,22.04,-6.50,-23.65
92,Salesforce,CRM,2024-07-15,228.29,249.27,251.70,9.19,0.97
93,Spotify,SPOT,2024-07-15,313.02,302.15,334.35,-3.47,10.66
94,Microsoft,MSFT,2024-07-03,407.12,453.64,402.17,11.43,-11.35
95,eBay,EBAY,2024-06-26,51.07,52.10,52.57,2.01,0.91
96,PayPal,PYPL,2024-06-18,64.21,58.61,59.48,-8.72,1.49
97,Chegg,CHGG,2024-06-17,4.38,2.61,3.54,-40.41,35.63
98,Microsoft,MSFT,2024-06-03,399.65,407.12,453.64,1.87,11.43
99,Google,GOOGL,2024-05-31,162.42,170.98,181.59,5.27,6.20
100,Rivian,RIVN,2024-05-10,10.27,9.99,11.87,-2.73,18.82
101,Google,GOOGL,2024-05-10,154.77,167.17,173.67,8.01,3.89
102,Rivian,RIVN,2024-05-03,10.54,10.07,11.40,-4.46,13.21
103,Peloton,PTON,2024-05-02,4.06,3.13,3.64,-22.91,16.29
104,Google,GOOGL,2024-05-01,154.12,162.42,170.98,5.38,5.27
105,Google,GOOGL,2024-04-30,154.12,161.35,170.60,4.69,5.73
106,Google,GOOGL,2024-04-17,146.38,154.10,174.51,5.27,13.24
107,Rivian,RIVN,2024-04-17,11.40,8.74,10.50,-23.33,20.14
108,Intel,INTC,2024-04-09,44.40,37.93,29.90,-14.56,-21.18
109,Amazon,AMZN,2024-04-03,177.58,182.41,186.21,2.72,2.08
110,Meta,META,2024-03-06,455.41,492.29,523.30,8.10,6.30
111,Rivian,RIVN,2024-02-21,16.03,15.39,10.80,-3.99,-29.82
112,Cisco,CSCO,2024-02-14,47.44,47.15,45.89,-0.61,-2.68
113,Amazon,AMZN,2024-02-06,149.10,169.15,176.82,13.45,4.53
114,Snap,SNAP,2024-02-05,16.55,16.75,11.16,1.21,-33.37
115,PayPal,PYPL,2024-01-30,60.93,63.13,59.82,3.61,-5.24
116,Salesforce,CRM,2024-01-26,262.18,275.18,295.28,4.96,7.31
117,Microsoft,MSFT,2024-01-25,367.52,397.15,403.26,8.06,1.54
118,eBay,EBAY,2024-01-23,41.75,39.77,42.52,-4.76,6.93
119,Google,GOOGL,2024-01-22,140.25,144.71,141.30,3.18,-2.36
120,Wayfair,W,2024-01-19,64.70,56.13,50.48,-13.25,-10.07
121,Amazon,AMZN,2024-01-18,153.79,153.50,169.51,-0.19,10.43
122,Google,GOOGL,2024-01-16,134.61,141.24,141.52,4.93,0.20
123,Google,GOOGL,2024-01-10,132.12,141.03,147.69,6.74,4.72
124,Amazon,AMZN,2024-01-10,145.89,153.73,174.45,5.37,13.48
125,Unity,U,2024-01-08,32.70,38.98,32.52,19.20,-16.57
126,Intel,INTC,2023-12-21,43.06,46.46,47.51,7.88,2.27
127,eBay,EBAY,2023-12-17,38.31,40.83,39.08,6.58,-4.28
128,Rivian,RIVN,2023-12-07,17.42,19.19,19.08,10.16,-0.57
129,Spotify,SPOT,2023-12-04,169.98,194.17,187.94,14.23,-3.21
130,Unity,U,2023-11-28,25.08,29.37,42.68,17.11,45.32
131,Amazon,AMZN,2023-11-17,128.13,145.18,154.07,13.31,6.12
132,Amazon,AMZN,2023-11-13,129.79,142.59,148.84,9.86,4.38
133,Snap,SNAP,2023-11-08,8.61,11.23,15.09,30.43,34.37
134,Amazon,AMZN,2023-11-08,128.26,142.08,147.42,10.77,3.76
135,Google,GOOGL,2023-11-08,137.20,130.68,133.80,-4.75,2.39
136,F5,FFIV,2023-11-03,155.82,154.08,173.15,-1.12,12.38
137,Google,GOOGL,2023-10-18,137.00,136.75,134.12,-0.18,-1.92
138,Qualcomm,QCOM,2023-10-12,104.95,105.17,117.20,0.21,11.44
139,Meta,META,2023-10-04,297.54,302.92,311.86,1.81,2.95
140,Snap,SNAP,2023-09-27,9.45,8.49,9.30,-10.16,9.54
141,Cisco,CSCO,2023-09-17,50.85,51.84,50.19,1.94,-3.17
142,Google,GOOGL,2023-09-13,130.18,135.51,136.15,4.10,0.48
143,Intel,INTC,2023-08-17,33.81,32.04,37.26,-5.23,16.27
144,Salesforce,CRM,2023-08-02,208.05,216.75,217.76,4.18,0.47
145,Microsoft,MSFT,2023-07-18,330.24,351.18,310.21,6.34,-11.67
146,Amazon,AMZN,2023-07-13,126.66,134.30,138.41,6.03,3.06
147,Peloton,PTON,2023-07-13,9.45,9.60,7.56,1.59,-21.25
148,Uber,UBER,2023-06-21,39.17,42.66,47.23,8.91,10.71
149,Qualcomm,QCOM,2023-06-16,97.52,114.94,115.62,17.86,0.59
150,Chegg,CHGG,2023-06-12,9.71,10.93,9.39,12.56,-14.09
151,Unity,U,2023-06-06,28.35,35.84,40.55,26.42,13.14
152,Spotify,SPOT,2023-06-05,141.75,156.34,160.73,10.29,2.81
153,Qualcomm,QCOM,2023-05-23,109.19,96.36,109.06,-11.75,13.18
154,Microsoft,MSFT,2023-05-10,282.08,304.43,319.24,7.92,4.87
155,Shopify,SHOP,2023-05-04,47.59,57.30,58.29,20.40,1.73
156,Unity,U,2023-05-03,32.17,24.99,31.00,-22.32,24.05
157,Lyft,LYFT,2023-04-21,9.96,10.44,8.10,4.82,-22.41
158,F5,FFIV,2023-04-19,142.62,137.05,142.53,-3.91,4.00
159,Opendoor,OPEN,2023-04-18,1.45,1.69,2.42,16.55,43.20
160,Redfin,RDFN,2023-04-11,,,,,
161,Spotify,SPOT,2023-03-30,116.30,130.83,133.60,12.49,2.12
162,Amazon,AMZN,2023-03-20,97.20,97.71,104.30,0.52,6.74
163,Meta,META,2023-03-14,177.87,192.33,218.43,8.13,13.57
164,eBay,EBAY,2023-02-07,40.83,47.07,40.53,15.28,-13.90
165,Rivian,RIVN,2023-02-01,17.34,19.71,16.92,13.67,-14.16
166,PayPal,PYPL,2023-01-31,73.94,80.79,73.46,9.27,-9.07
167,Intel,INTC,2023-01-30,25.49,26.95,24.72,5.75,-8.27
168,Spotify,SPOT,2023-01-23,77.70,99.94,120.07,28.62,20.14
169,Google,GOOGL,2023-01-20,88.79,97.16,90.98,9.42,-6.36
170,Wayfair,W,2023-01-20,36.78,46.79,47.97,27.22,2.52
171,Microsoft,MSFT,2023-01-18,233.79,229.28,251.55,-1.93,9.71
172,Unity,U,2023-01-17,27.92,32.38,40.72,15.97,25.76
173,Oracle,ORCL,2023-01-17,76.82,84.87,84.03,10.47,-0.99
174,Amazon,AMZN,2023-01-04,91.01,85.14,103.39,-6.45,21.44
175,Salesforce,CRM,2023-01-04,131.65,137.22,168.13,4.23,22.53
176,Qualcomm,QCOM,2022-12-22,113.63,102.36,113.66,-9.92,11.04
177,Unity,U,2022-12-09,21.50,33.93,29.23,57.81,-13.85
178,Intel,INTC,2022-12-06,27.40,27.58,26.58,0.67,-3.64
179,Amazon,AMZN,2022-11-16,113.79,97.12,87.86,-14.65,-9.53
180,Cisco,CSCO,2022-11-16,37.29,40.08,43.17,7.48,7.70
181,Meta,META,2022-11-09,132.63,100.59,114.89,-24.16,14.22
182,Redfin,RDFN,2022-11-09,,,,,
183,Spotify,SPOT,2022-11-09,85.97,71.40,78.17,-16.95,9.48
184,Salesforce,CRM,2022-11-07,147.73,142.13,128.26,-3.79,-9.76
185,Lyft,LYFT,2022-11-03,13.80,13.72,11.10,-0.58,-19.10
186,Opendoor,OPEN,2022-11-02,3.14,2.29,1.71,-27.07,-25.33
187,Oracle,ORCL,2022-11-01,59.89,73.59,80.27,22.87,9.08
188,Amazon,AMZN,2022-10-28,118.01,103.41,93.95,-12.37,-9.15
189,F5,FFIV,2022-10-21,146.25,147.62,152.79,0.94,3.50
190,Microsoft,MSFT,2022-10-17,237.30,230.31,235.04,-2.95,2.05
191,Salesforce,CRM,2022-10-13,155.41,142.97,155.05,-8.01,8.45
192,Peloton,PTON,2022-10-06,8.69,8.83,9.39,1.61,6.34
193,Spotify,SPOT,2022-10-06,102.59,92.25,71.05,-10.08,-22.98
194,Uber,UBER,2022-09-07,31.85,30.03,28.07,-5.71,-6.53
195,Shopify,SHOP,2022-09-01,37.74,31.27,26.94,-17.14,-13.85
196,Snap,SNAP,2022-08-31,9.54,10.88,9.82,14.05,-9.74
197,Wayfair,W,2022-08-19,56.43,57.01,46.05,1.03,-19.22
198,Peloton,PTON,2022-08-12,8.93,13.53,11.05,51.51,-18.33
199,Oracle,ORCL,2022-08-01,66.99,73.53,70.40,9.76,-4.25
200,Rivian,RIVN,2022-07-27,28.44,32.01,32.11,12.55,0.31
201,Shopify,SHOP,2022-07-26,37.32,31.55,34.34,-15.46,8.84
202,Lyft,LYFT,2022-07-20,14.67,14.70,16.65,0.20,13.27
203,Microsoft,MSFT,2022-07-12,234.39,245.43,277.70,4.71,13.15
204,Shopify,SHOP,2022-07-06,36.06,33.04,40.81,-8.38,23.52
205,Unity,U,2022-06-29,39.97,39.52,37.39,-1.13,-5.39
206,Redfin,RDFN,2022-06-14,,,,,
207,PayPal,PYPL,2022-05-23,85.29,80.48,72.34,-5.64,-10.11
208,Peloton,PTON,2022-02-08,34.37,37.27,22.61,8.44,-39.33
209,Salesforce,CRM,2020-08-26,187.71,267.69,238.61,42.61,-10.86
210,Shopify,SHOP,2020-08-14,95.94,98.79,93.18,2.97,-5.68
211,Uber,UBER,2020-06-12,33.02,32.24,31.72,-2.36,-1.61
212,Rivian,RIVN,2020-06-02,,,,,
213,Uber,UBER,2020-05-26,30.08,34.56,30.58,14.89,-11.52
214,Uber,UBER,2020-05-18,28.00,33.62,33.29,20.07,-0.98
215,Uber,UBER,2020-05-06,25.99,27.82,37.21,7.04,33.75
216,Lyft,LYFT,2020-04-29,26.92,34.06,31.26,26.52,-8.22
217,Opendoor,OPEN,2020-04-15,,,,,
218,Redfin,RDFN,2020-04-07,,,,,
